name,price,version,year,mileage,type,largusPrice,plus_chere_cote
Renault Zoe ZEN CHARGE RAPIDE,10190,ZEN,2014,17791,Pro,11522,Faux
Renault Zoe INTENS,8690,INTENS,2013,43069,Pro,10625,Faux
Renault Zoe Intens charge rapide Type 2,13900,Intens,2015,3900,Pro,13063,vrai
Renault Zoe Intens charge rapide Type 2,13900,Intens,2015,3900,Pro,13063,vrai
Renault Zoé LIFE type 2,14000,LIFE,2016,10064,Par,13654,vrai
Renault Zoe Intens charge rapide,20000,Intens,2014,100,Pro,11781,vrai
Belle Renault ZOE ZEN charge rapide blanc nacré,12000,ZEN,2015,19500,Par,12775,Faux
Renault Zoe Intens,23512,Intens,2016,2500,Pro,15728,vrai
Renault zoe intens charge rapide,9600,intens,2013,30000,Par,10625,Faux
Renault Zoe Zen type 2,16890,Zen,2016,100,Pro,14129,vrai
Renault Zoe LIFE CHARGE RAPIDE,10990,LIFE,2015,11494,Pro,12352,Faux
Renault Zoe INTENS CHARGE RAPIDE TYPE 2,17100,INTENS,2016,1000,Pro,14484,vrai
Renault Zoe Life Type 2,21490,Life,2016,2000,Pro,13654,vrai
Renault Zoe LIFE,11290,LIFE,2015,7569,Pro,12186,Faux
Renault Zoe INTENS CHARGE RAPIDE TYPE 2,17100,INTENS,2016,1000,Pro,14484,vrai
Renault Zoe Life Type 2,21490,Life,2016,2000,Pro,13654,vrai
Renault Zoe Life Type 2,13490,Life,2016,10,Pro,13654,Faux
Renault Zoe Intens charge rapide Type 2,15490,Intens,2016,3000,Pro,14484,vrai
Renault Zoe INTENS,8690,INTENS,2013,40595,Pro,10625,Faux
Zoé Life nouveau moteur et autonomie augmentée,12800,Life,2016,1700,Par,15728,Faux
Renault Zoe Intens,9790,Intens,2013,53800,Pro,10625,Faux
Renault Zoe Life,10980,Life,2015,24600,Pro,12186,Faux
Renault Zoe LIFE CHARGE RAPIDE,11720,LIFE,2015,11480,Pro,12352,Faux
Renault Zoe Zen,16500,Zen,2016,6000,Pro,15728,vrai
Renault zoe life,10800,life,2015,22000,Par,12186,Faux
Renault Zoe Zen,13990,Zen,2016,1,Pro,15728,Faux
Renault Zoe ZEN MB 8,20000,ZEN,2016,100,Pro,15728,vrai
Renault Zoe Intens,20900,Intens,2015,2350,Pro,12999,vrai
Renault Zoe Life type 2,19700,Life,2016,100,Pro,13654,vrai
Renault Zoe INTENS CHARGE RAPIDE,12500,INTENS,2015,17979,Pro,12999,Faux
Renault Zoe Zen,9990,Zen,2013,21500,Pro,10625,Faux
Zoe life type 2,12990,life,2016,14,Pro,13654,Faux
Renault Zoe ZEN MB 8,14800,ZEN,2016,100,Pro,15728,Faux
Renault Zoe LIFE CHARGE RAPIDE,10690,LIFE,2015,13195,Pro,12352,Faux
Renault Zoe INTENS CHARGE RAPIDE,11490,INTENS,2013,7700,Pro,10625,vrai
Renault Zoe Life 5P,12820,Life,2016,10,Pro,15728,Faux
Renault Zoe INTENS CHARGE RAPIDE,11900,INTENS,2014,17885,Pro,11781,vrai
Renault Zoe Intens 5P,14464,Intens,2016,10,Pro,15728,Faux
Renault zoe noir intense,10950,intens,2013,15400,Par,10625,vrai
Renault Zoe Intens 5P,14464,Intens,2016,200,Pro,15728,Faux
Renault Zoe Life Type 2,13290,Life,2016,200,Pro,13654,Faux
Renault Zoe Zen,15600,Zen,2016,100,Pro,15728,Faux
Renault Zoe ZEN CHARGE RAPIDE,12990,ZEN,2015,7975,Pro,12775,vrai
Renault Zoe ZEN CHARGE RAPIDE,12290,ZEN,2015,8214,Pro,12775,Faux
Zoe zen,9000,zen,2013,39000,Par,10625,Faux
Renault zoe - electrique,12500,N/A,2016,6500,Par,15728,Faux
Nosmoke electrique,11200,N/A,2015,2200,Par,12999,Faux
Renault Zoe Zen type 2,14700,Zen,2016,2500,Pro,14129,vrai
Renault Zoe Life électrique nombreuses options,9490,Life,2014,24000,Par,11781,Faux
Renault Zoe LIFE,11990,LIFE,2015,12905,Pro,12186,Faux
Zoe zen,8990,zen,2013,36562,Pro,10625,Faux
Renault Zoe Life Type 2,13700,Life,2016,1073,Pro,13654,vrai
Renault Zoe Life type 2,13200,Life,2016,2000,Pro,13654,Faux
Renault Zoe Life type 2,18900,Life,2016,1500,Pro,13654,vrai
Renault Zoe LIFE,8900,LIFE,2013,37173,Pro,10625,Faux
Renault Zoe ZEN CHARGE RAPIDE,11990,ZEN,2015,6346,Pro,12775,Faux
Renault zoe 100% electrique,8990,N/A,2014,24000,Pro,11781,Faux
Renault Zoe Life type 2,14500,Life,2016,2000,Pro,13654,vrai
Zoé Intens,9500,Intens,2013,46000,Par,10625,Faux
Renault Zoe LIFE,12490,LIFE,2015,10139,Pro,12186,vrai
Renault Zoe Life,14300,Life,2015,4000,Pro,12186,vrai
renault ZOÉ intens,8500,intens,2013,17000,Par,10625,Faux
Renault zoé haut de gamme,13000,N/A,2013,20000,Par,10625,vrai
Renault Zoe Intens,9800,Intens,2013,23775,Pro,10625,Faux
ZOE Intens 2013,9200,Intens,2013,38500,Par,10625,Faux
Renault Zoe Life Type 2,13490,Life,2016,10,Pro,13654,Faux
Zoe life charge rapide,9999,life,2015,16300,Pro,12352,Faux
Zoe zen charge rapide 5p,12990,zen,2015,4750,Pro,12775,vrai
Renault Zoe Intens charge rapide,12900,Intens,2015,8000,Pro,12999,Faux
Renault Zoe INTENS,15590,INTENS,2016,10,Pro,15728,Faux
Renault Zoe Life charge rapide,10350,Life,2014,7628,Pro,11140,Faux
Renault Zoe Life charge rapide,10350,Life,2014,7628,Pro,11140,Faux
Renault zoe intens 3500km,12500,intens,2014,3500,Par,11781,vrai
Renault Zoe INTENS CHARGE RAPIDE,11990,INTENS,2015,4695,Pro,12999,Faux
Renault Zoé,17000,N/A,2016,20,Par,15728,vrai
Renault zoe intens charge rapide,12490,intens,2014,13243,Pro,11781,vrai
Renault Zoe Zen,12500,Zen,2015,8000,Pro,12999,Faux
Renault Zoe Zen,8990,Zen,2013,46145,Pro,10625,Faux
Renault Zoe INTENS,11990,INTENS,2014,11269,Pro,11781,vrai
Renault Zoe Intens,9900,Intens,2013,32154,Pro,10625,Faux
Renault Zoe LIFE,11990,LIFE,2015,7090,Pro,12186,Faux
Zoe zen société choc arriere droit faire offre,5600,zen,2014,23000,Pro,11781,Faux
